County,Data,1946-47,1947-48,1948-49,1949-50,1950-51,1951-52,1952-53,1953-54,1954-55,1955-56,1956-57,1957-58,1958-59,1959-60,1960-61,1961-62,1962-63,1963-64,1964-65,1965-66,1966-67,1967-68,1968-69,1969-70,1970-71,1971-72,1972-73,1973-74,1974-75,1975-76,1976-77,1977-78,1978-79,1979-80,1980-81,1981-82,1982-83,1983-84,1984-85,1985-86,1986-87,1987-88,1988-89,1989-90,1990-91,1991-92,1992-93,1993-94,1994-95,1995-96,1996-97,1997-98,1998-99,1999-2000,2000-01,2001-02,2002-03,2003-04,2004-05,2005-06,2006-07,2007-08,2008-09,2009-10,2010-11,2011-12,2012-13,2013-14,2014-15
Abbeville,Fires,73,34,49,40,29,18,46,22,22,23,14,10,34,24,26,16,30,30,18,39,23,56,34,50,43,15,18,32,21,26,48,49,61,42,93,74,24,35,103,45,32,117,45,43,35,118,40,84,62,39,24,30,43,61,56,56,48,46,29,78,66,73,38,27,58,26,37,42,10
,Acres,"1,708.8",316.3,450.7,267.1,344.4,198.5,308.8,104.2,170.7,469.2,159.1,80.4,331.4,95.7,121.9,103.3,162.8,107.0,73.9,215.7,112.0,364.0,77.3,528.2,146.6,66.3,72.1,174.7,190.4,166.1,197.4,212.6,91.0,113.7,620.8,147.5,33.8,77.6,489.4,88.4,76.6,662.6,136.0,367.1,103.9,346.2,109.6,543.5,91.0,97.2,32.1,129.8,92.2,215.4,203.3,130.3,84.9,117.6,56.1,153.4,148.2,222.6,49.8,52.5,187.7,75.0,67.7,102.8,18.6
Aiken,Fires,248,136,165,335,253,185,218,253,274,205,141,106,216,116,139,150,143,112,75,121,121,103,104,148,138,138,117,198,221,301,325,219,292,235,367,347,170,191,424,285,240,311,180,203,172,233,121,234,109,138,116,140,230,212,135,218,87,139,118,138,127,169,93,89,144,105,115,148,120
,Acres,"10,692.8","1,664.6","3,336.4","7,614.4","6,987.9","6,896.4","3,047.9","2,633.8","4,072.1","2,043.5",572.9,531.0,"1,575.2","1,381.7",860.6,618.8,"1,051.3",509.8,299.9,"7,474.5","4,721.1",590.9,665.2,815.2,882.6,338.5,247.1,467.0,470.1,565.8,961.4,854.7,712.4,506.6,"2,331.2","1,108.6",461.5,983.6,"1,225.3",950.0,548.7,"2,017.4",710.5,922.9,444.6,937.7,725.5,926.6,768.0,794.1,550.1,708.8,960.6,708.5,384.8,711.6,619.4,609.5,519.5,421.7,721.4,639.1,319.8,664.5,823.2,607.2,844.5,676.7,783.5
Allendale,Fires,99,48,122,268,140,113,101,102,125,64,58,36,37,16,39,32,41,34,23,49,63,110,77,47,53,45,43,92,66,72,85,112,83,58,152,96,47,60,137,44,57,88,71,89,42,32,11,26,14,21,28,10,24,16,30,23,11,25,18,25,28,27,16,17,30,19,9,9,17
,Acres,"2,247.3",903.2,974.3,"3,276.4","1,391.4","1,576.1","1,114.3","1,150.0","6,989.0",741.6,331.1,300.9,189.6,164.7,476.9,481.7,584.3,469.0,189.5,627.7,269.5,"2,195.1",502.0,151.5,210.8,943.1,83.2,366.9,218.9,172.8,409.6,610.3,306.7,212.5,823.9,353.2,97.3,272.5,782.1,119.6,271.2,320.7,197.3,364.4,119.2,131.1,20.9,99.1,55.5,107.7,33.2,24.1,112.9,81.9,448.6,134.3,147.7,119.1,54.5,131.2,93.8,173.2,168.9,46.9,157.5,378.3,218.1,18.3,87.3
Anderson,Fires,115,59,63,101,104,32,87,46,78,50,26,34,92,43,61,60,85,48,33,70,71,92,66,118,70,60,37,38,52,69,88,68,58,55,113,94,38,56,140,115,51,113,59,61,44,86,22,67,38,38,26,24,52,63,46,36,30,40,26,42,39,53,39,14,31,19,18,32,16
,Acres,"1,531.3",666.0,223.8,"1,090.7",829.5,275.9,723.0,359.8,398.5,216.6,121.6,143.9,464.5,277.4,227.8,421.0,397.4,222.3,97.1,331.7,343.6,567.6,198.2,326.0,191.1,248.5,187.3,261.4,247.7,365.9,438.5,337.4,240.8,196.0,345.5,298.6,96.4,332.7,"1,177.0",400.7,221.7,448.9,183.6,243.1,190.0,379.0,53.5,262.8,114.0,203.2,137.1,117.0,180.9,243.3,224.8,212.0,141.7,160.6,121.3,145.0,448.0,343.6,50.5,29.0,175.5,53.2,46.8,152.8,28.5
Bamberg,Fires,145,77,114,161,138,112,102,142,124,75,39,41,45,18,58,17,80,52,33,66,55,109,61,69,71,30,24,59,22,84,85,76,101,37,178,94,52,75,182,103,76,139,74,42,59,65,30,57,49,45,57,9,64,51,59,58,19,24,27,28,22,30,14,17,33,34,22,22,17
,Acres,"1,829.2",523.4,"1,087.4","2,693.7","1,570.2","2,007.8","1,113.7","1,807.6","1,959.4",911.5,581.8,236.4,247.1,125.0,"1,084.2",78.4,"1,134.7",329.2,103.8,"1,834.4",492.6,"1,757.7","1,196.8",212.6,288.5,77.4,49.9,"1,337.4",32.5,375.8,473.8,292.4,561.0,53.3,520.0,223.5,107.7,162.7,946.2,538.6,195.1,570.4,349.7,79.2,197.6,213.7,126.0,238.8,148.3,74.8,194.7,11.0,251.5,161.5,213.0,429.4,58.6,57.6,152.3,382.9,120.7,200.7,65.3,28.1,177.8,270.2,170.4,67.8,94.8
Barnwell,Fires,138,56,139,272,166,103,149,133,146,109,92,39,66,42,69,53,65,48,41,100,64,89,84,68,42,56,46,56,51,89,53,60,69,55,106,96,34,50,142,60,53,125,81,47,66,72,34,42,32,57,30,27,77,50,47,54,23,24,21,18,23,37,26,24,47,27,23,22,20
,Acres,"2,436.3",633.0,"1,442.8","2,689.0","1,864.1",925.9,971.2,953.4,"1,058.4",665.7,721.1,237.8,725.1,279.8,596.1,671.3,491.4,198.4,221.7,"1,296.6",566.4,"2,074.0",681.2,943.4,321.2,703.3,226.5,330.5,130.5,211.1,151.6,309.8,166.1,177.8,708.3,439.9,124.6,188.3,648.4,461.3,141.2,756.7,158.0,89.7,158.1,265.4,107.7,55.9,77.7,407.6,89.8,130.7,433.2,250.8,152.5,340.8,119.5,123.3,93.8,125.6,145.1,217.7,194.8,102.0,447.2,157.9,151.8,"9,202.0",46.5
Beaufort,Fires,125,65,109,178,92,79,81,72,117,71,63,42,80,32,59,38,53,33,19,48,93,78,43,21,100,86,175,134,93,205,172,149,191,66,444,152,59,118,301,98,61,132,65,44,92,110,53,119,62,107,107,21,129,65,93,92,12,73,36,45,41,29,43,25,74,27,22,21,12
,Acres,"3,072.5",656.8,"1,716.8","4,033.9",937.0,"2,368.5","2,144.5","3,089.5","5,123.3","2,349.3",441.0,193.9,598.2,195.2,781.8,727.9,"1,771.4",222.9,336.0,757.1,"1,157.7","1,982.1",398.1,34.0,817.4,661.8,"1,195.1",669.9,328.2,"1,310.3",541.7,636.9,843.2,504.8,"1,868.8",889.8,275.2,794.6,"1,744.4",233.0,154.7,811.6,316.2,162.2,712.8,405.2,217.6,570.2,420.3,667.1,635.6,82.9,"1,185.9",301.1,645.1,514.9,33.9,333.0,255.6,179.8,178.2,118.3,120.6,128.9,333.9,126.1,57.0,60.8,70.6
Berkeley,Fires,167,143,291,675,320,305,354,367,367,207,267,183,237,213,338,216,323,230,165,301,215,419,184,353,414,326,269,417,278,916,478,629,658,312,"1,059",404,184,375,904,361,277,533,368,257,363,619,229,470,191,367,211,101,487,323,282,438,61,153,152,129,154,157,86,72,197,144,77,86,52
,Acres,"12,334.6","3,372.4","5,526.4","26,521.7","4,552.8","4,209.4","3,951.3","5,640.7","5,543.5","2,010.5","3,796.7","2,149.7","2,678.2","2,658.0","5,209.8","3,238.2","5,343.2","2,746.8","1,825.2","15,364.7","4,257.5","8,942.0","1,339.3","2,567.5","3,616.8","2,724.0","2,661.6","2,874.8","1,353.5","4,448.6","2,115.5","2,262.3","2,600.9",871.4,"7,069.6","1,540.9",746.4,"2,360.6","9,470.2","2,038.5","2,349.4","1,516.8","1,136.9","1,373.8","4,829.5","7,032.6","2,179.0","3,929.7","1,038.4","2,199.0","2,043.5",784.3,"3,255.6","1,847.5","1,593.8","4,959.1",420.0,"2,008.0",930.6,755.1,"1,480.6","1,922.8",872.4,563.8,"2,165.4","1,536.4",745.6,"1,132.5",394.6
Calhoun,Fires,109,36,83,99,83,59,35,61,51,46,26,12,45,6,18,10,15,22,14,30,20,34,15,36,34,22,11,23,19,35,55,61,40,53,95,85,41,56,120,70,72,97,50,50,32,49,27,46,27,51,39,16,82,38,47,74,26,50,45,33,28,44,29,21,34,31,34,33,33
,Acres,"2,781.6",388.4,435.5,729.8,866.3,"1,195.8",152.7,557.5,724.2,746.1,121.3,62.1,330.0,23.5,111.6,104.7,111.9,129.5,42.7,"4,132.0",61.2,412.6,44.1,84.4,126.2,79.1,31.8,43.8,39.4,171.5,288.4,289.9,67.1,134.9,388.3,172.4,45.7,111.0,476.7,364.4,337.2,355.4,151.8,138.2,89.8,170.2,76.5,109.7,63.0,466.5,114.6,101.3,250.0,172.5,128.6,386.0,46.6,131.4,203.3,151.7,75.9,110.9,38.7,26.2,188.5,92.0,67.4,179.3,95.0
Charleston,Fires,174,66,200,280,182,95,122,153,177,108,117,95,168,157,194,168,145,84,59,86,111,138,47,46,105,59,107,93,107,353,199,192,209,117,414,114,31,106,428,126,69,175,155,120,69,202,104,160,56,100,83,18,176,131,135,98,13,69,41,31,69,45,21,16,45,32,19,15,9
,Acres,"6,835.8","1,792.5","3,054.8","6,873.7","3,515.2","1,873.6","1,703.8","3,560.8","6,651.7","2,003.6","2,875.7",547.8,"1,140.7",779.2,"1,102.3","1,002.8","1,039.2",298.9,247.2,848.0,"1,177.3","2,201.2",402.8,335.3,"1,082.5",501.6,561.9,533.6,534.7,"1,978.2",646.7,"1,188.4",869.8,"1,208.3","4,890.9","1,555.5",173.4,418.7,"6,565.6","1,712.6",245.0,921.1,"1,279.2",499.5,375.9,"2,057.0",795.2,"1,486.6",314.2,795.7,580.3,181.7,"1,565.4",873.7,"1,062.2",755.3,96.6,799.9,150.8,92.6,241.0,218.0,175.1,45.0,"2,754.8",262.8,656.6,37.5,343.9
Cherokee,Fires,102,30,40,42,79,44,33,38,32,24,36,14,29,14,22,23,28,27,20,23,24,21,22,41,43,39,47,36,99,91,85,72,65,65,165,142,55,91,162,139,59,166,79,59,60,97,55,124,69,51,27,25,39,49,59,53,16,24,20,40,26,43,10,22,17,9,11,20,20
,Acres,684.7,134.1,217.2,393.2,691.7,"1,003.5",355.4,396.1,201.1,164.4,173.0,39.5,212.6,69.4,128.1,68.0,292.8,130.1,78.0,206.4,201.8,181.3,189.1,255.2,382.6,145.1,94.7,74.0,344.2,311.2,364.0,153.6,157.0,121.9,597.2,416.8,64.9,141.2,393.7,424.5,88.6,371.2,232.0,155.4,97.5,328.0,139.2,361.9,213.8,157.8,71.7,196.0,219.8,271.0,528.9,243.8,98.9,152.1,75.9,128.3,73.9,96.8,24.6,20.2,76.2,11.5,23.5,68.6,40.3
Chester,Fires,65,24,36,35,99,54,35,60,64,27,23,19,57,32,31,62,41,40,20,53,42,39,30,41,22,4,18,9,25,32,35,34,18,48,69,36,9,49,87,50,27,62,42,40,42,130,35,78,49,41,20,26,47,54,34,34,29,29,19,29,31,44,15,12,22,8,23,17,23
,Acres,687.3,124.1,475.9,268.7,729.7,723.4,623.4,549.7,570.1,155.7,124.7,109.9,208.4,191.8,235.2,571.1,319.4,224.1,54.9,290.2,346.3,186.6,139.6,120.5,70.1,4.9,69.1,17.8,28.5,293.6,85.7,206.0,48.3,89.4,320.8,115.1,15.1,308.2,298.1,322.2,161.0,167.5,188.9,150.9,150.3,304.4,89.6,295.8,105.0,221.8,63.8,199.2,132.7,357.4,163.4,161.6,170.7,188.8,46.8,78.7,148.4,309.1,38.1,16.5,66.9,13.6,40.8,45.4,60.5
Chesterfield,Fires,143,48,87,100,135,66,73,84,112,71,60,58,53,68,40,57,78,50,38,72,70,64,77,131,144,88,78,174,140,169,148,144,123,159,262,190,95,122,239,158,121,232,185,208,120,180,122,135,59,112,96,84,157,124,165,138,68,132,81,98,89,126,57,70,98,56,57,54,62
,Acres,"9,765.0","1,366.4","2,866.7","6,610.4","12,491.6","4,957.0","1,763.4",491.1,"2,969.9",940.3,327.1,316.8,"1,136.8","4,227.7",472.4,"1,104.4","2,035.3",458.5,274.6,"3,736.6","2,270.4","1,353.3",640.4,682.8,588.8,365.2,155.5,652.9,252.2,227.6,348.5,465.5,332.3,423.8,"1,268.4",841.3,590.5,376.5,"1,061.1",929.4,848.6,"1,013.0",635.9,508.7,212.2,995.6,"1,450.9",560.7,193.4,906.6,"1,246.5",191.8,593.6,282.7,"1,107.7",540.8,362.5,820.0,449.1,516.1,495.5,609.2,162.1,435.9,298.5,623.2,289.0,384.5,517.4
Clarendon,Fires,186,100,189,202,187,175,159,263,227,207,217,189,191,90,263,137,265,109,99,269,270,399,139,201,197,167,56,205,121,390,294,282,442,150,610,388,124,330,911,369,228,422,232,170,164,381,177,241,129,114,107,46,235,153,192,249,42,115,101,97,90,107,76,79,127,82,62,62,54
,Acres,"12,395.5","1,324.4","4,585.1","10,820.7","5,196.8","3,448.2","3,185.4","5,589.3","5,889.3","3,189.6","3,360.4","1,572.6","1,423.9",824.4,"4,529.5","1,038.3","3,900.3",672.8,605.9,"4,339.3","3,985.8","8,161.6",807.1,"1,498.0","1,384.6",855.7,286.2,"1,385.5",500.5,"3,821.7","1,440.5","1,504.4","1,653.0",551.7,"5,140.5","2,212.2",269.5,"1,692.5","5,826.2","2,359.0","1,450.6","2,334.8","1,764.0",969.2,"2,379.7","3,139.9",740.2,"1,983.2",527.7,421.5,433.7,528.4,"1,484.1",934.0,843.8,"2,752.5",325.4,471.6,435.6,523.0,484.3,725.7,536.8,334.6,591.2,"2,267.5",635.6,511.5,363.4
Colleton,Fires,235,89,139,353,186,112,175,275,352,149,211,121,133,82,183,108,227,147,71,228,214,392,161,199,279,163,192,261,159,615,413,373,353,203,857,409,131,400,964,381,198,381,332,203,225,363,162,390,165,229,165,79,313,153,223,315,73,166,128,128,133,132,109,65,140,109,88,92,50
,Acres,"6,656.9",942.1,"1,747.5","8,387.6","1,733.1","1,362.9","1,388.8","3,643.7","6,419.5","1,717.9","1,814.8","1,104.8",959.5,712.6,"1,722.4",710.3,"3,598.0",832.0,278.5,"3,528.0","1,961.8","8,741.5","1,921.2","1,040.6","2,212.7","1,244.2","1,089.3","2,203.4",852.6,"4,328.6","1,882.0","1,748.9","1,556.1","1,508.0","10,001.8","2,632.1",479.4,"2,402.9","9,723.2","5,522.7","1,190.3","1,796.3","1,533.8",776.0,"2,050.7","2,840.5",773.8,"2,314.4",836.4,"1,804.6",707.8,182.5,"1,564.3",844.6,"1,165.6","2,269.5",520.5,"1,464.3",843.0,"1,792.6",999.8,640.1,561.1,506.2,"1,469.8",875.7,495.3,525.9,160.8
Darlington,Fires,151,93,73,177,177,118,73,155,132,117,92,61,87,67,113,104,126,140,80,153,112,179,89,143,118,87,59,114,66,139,114,152,161,141,304,158,64,117,286,211,110,175,141,168,88,186,111,129,59,100,54,36,161,108,168,180,55,158,59,96,71,133,63,81,130,65,51,59,58
,Acres,"1,865.6",856.2,718.1,"2,661.6","2,458.8","1,259.3",704.7,"2,034.0","2,094.0",927.7,797.3,399.7,801.4,469.8,"1,184.4",638.7,700.7,822.3,463.9,"2,187.0",719.4,"1,472.5",387.8,516.0,496.0,"1,834.8",123.1,"1,208.7",337.1,581.7,353.7,650.8,559.6,364.6,"1,446.6",393.5,167.5,384.0,"1,228.5",713.2,393.0,663.6,526.6,431.9,680.0,854.2,"1,279.5",529.0,224.1,384.0,159.0,212.6,818.9,357.0,770.1,"1,017.8",226.2,834.9,169.7,354.6,386.7,437.7,207.1,417.5,577.2,291.1,181.4,415.5,210.3
Dillon,Fires,139,60,81,134,143,96,81,139,125,69,59,21,80,55,78,60,104,58,65,93,81,106,85,91,106,72,49,93,76,121,163,147,168,98,240,128,66,162,173,113,113,114,111,67,57,89,74,66,37,44,42,34,108,64,79,111,32,56,33,57,63,107,23,33,54,31,42,29,18
,Acres,"3,178.3",590.3,"1,062.8","3,153.9","2,625.8","2,268.1","1,982.4","1,595.9","1,016.9",326.7,476.4,92.7,216.4,232.9,841.3,198.8,578.8,230.7,126.1,"1,013.5",606.4,288.6,543.6,220.7,406.1,347.6,52.2,111.1,61.6,370.8,316.9,388.5,274.3,55.5,"1,047.2",202.1,76.6,239.3,774.2,354.7,217.1,567.1,234.0,331.8,160.7,203.8,"1,158.0",96.2,98.4,128.2,207.1,165.3,272.9,208.3,288.1,"1,104.8",70.7,316.1,364.7,687.1,198.0,624.5,34.1,252.0,376.3,140.7,199.2,54.0,130.9
Dorchester,Fires,128,37,80,132,65,55,56,142,196,68,111,58,67,45,151,101,149,76,59,140,136,224,57,80,147,109,133,157,102,236,183,218,170,77,378,134,78,233,538,202,114,300,168,126,145,200,80,211,78,138,121,41,191,95,102,188,29,58,42,36,61,83,47,35,66,51,29,36,27
,Acres,"5,921.4",914.9,"2,188.0","4,210.5","2,870.0",822.6,"1,593.1","5,344.9","6,310.6","1,372.2","1,950.1",719.5,694.7,558.5,"1,807.1","2,656.0","3,447.0","1,689.4",833.1,"3,078.2","1,463.2","5,168.2",383.3,593.2,927.0,610.7,731.2,"1,035.5",433.7,"2,313.0",952.9,"1,230.4",851.4,493.0,"3,818.8",741.5,387.0,"1,140.6","5,276.7",847.9,475.1,"1,764.4",729.6,454.2,742.2,"1,218.8","1,070.3","1,124.5",960.7,"1,265.4",903.5,403.4,795.4,553.6,402.5,"1,357.7",202.1,440.1,491.1,166.7,444.5,325.5,521.3,746.6,"1,862.7",168.5,144.0,87.0,77.1
Edgefield,Fires,57,20,31,39,51,33,34,44,33,32,19,10,43,24,25,34,43,42,14,42,17,30,34,51,29,16,16,24,27,36,25,32,44,37,83,70,22,39,81,43,24,73,36,37,22,58,25,69,40,40,13,20,37,54,21,38,10,29,12,26,17,30,16,12,19,16,25,8,11
,Acres,"1,056.9",234.5,561.3,476.1,401.5,510.4,280.1,285.7,186.7,193.8,234.9,88.2,289.6,123.2,101.5,140.1,244.8,165.6,96.1,693.2,113.7,81.9,103.4,598.9,157.0,48.5,40.6,55.4,322.5,70.6,151.2,102.5,146.7,129.5,358.5,137.5,29.3,91.0,362.9,203.6,165.8,448.5,250.9,81.2,234.7,310.9,101.4,389.1,144.1,214.6,32.2,62.9,106.8,239.1,21.9,147.5,51.5,112.6,49.1,94.0,99.8,219.2,49.0,101.3,98.8,76.5,145.6,26.1,83.1
Fairfield,Fires,114,19,63,98,94,69,70,82,109,45,38,13,51,29,43,78,34,46,20,71,51,74,65,80,66,32,39,51,62,53,97,57,71,97,127,84,55,99,178,112,86,145,63,60,53,84,64,106,49,80,55,32,89,69,71,61,37,44,26,74,56,88,22,28,33,24,24,22,20
,Acres,"10,692.8","1,664.6","3,336.4","7,614.4","6,987.9","6,896.4","3,047.9","2,633.8","4,072.1","2,043.5",572.9,531.0,"1,575.2","1,381.7",860.6,618.8,"1,051.3",509.8,299.9,"7,474.5","4,721.1",590.9,665.2,815.2,882.6,338.5,247.1,467.0,470.1,565.8,961.4,854.7,712.4,506.6,"2,331.2","1,108.6",461.5,983.6,"1,225.3",950.0,548.7,"2,017.4",710.5,922.9,444.6,937.7,725.5,926.6,768.0,794.1,550.1,708.8,960.6,708.5,384.8,711.6,619.4,609.5,519.5,421.7,721.4,639.1,23.3,81.2,126.0,95.8,50.6,61.9,133.6
Florence,Fires,247,136,266,384,345,296,191,359,323,211,204,96,187,153,255,176,352,196,145,438,417,469,255,237,213,291,160,406,157,581,416,390,370,172,739,351,99,195,679,248,214,290,299,255,157,246,152,219,132,120,85,57,375,248,277,437,58,173,100,139,120,229,107,74,158,153,60,60,69
,Acres,"4,610.7","2,075.5","7,081.7","13,775.2","10,873.8","8,524.0","2,431.6","5,727.4","4,175.7","2,001.6","2,890.3",903.7,"1,675.9","1,583.8","2,474.0","1,193.9","2,738.8",834.6,"1,101.0","4,409.4","4,903.0","5,316.8","1,221.1","1,525.8","1,135.7","2,133.4",513.6,"2,715.3",399.1,"2,399.0","1,223.8","1,680.6","1,230.9",588.5,"4,209.0","1,270.9",160.7,758.0,"6,509.7","1,397.7","1,332.7","2,286.6","1,984.2","1,387.5",928.6,"1,508.9","1,321.4","1,738.2",472.1,687.2,460.2,184.0,"2,423.8",895.6,"1,186.2","4,864.5",121.6,870.8,496.7,617.7,370.9,723.6,647.2,225.1,483.4,802.6,250.9,213.7,274.6
Georgetown,Fires,314,110,200,313,169,147,73,165,169,133,113,62,114,120,170,99,155,110,50,184,186,291,142,107,205,197,131,224,138,379,248,258,295,212,535,269,101,236,530,234,158,260,215,141,145,169,80,156,94,85,74,40,155,114,161,154,35,89,66,50,79,83,46,25,72,64,44,40,47
,Acres,"19,810.8","2,942.6","4,307.1","14,898.4","2,536.1","2,354.8",637.2,"1,686.5","8,310.4","3,625.6",941.7,503.6,"1,271.0",868.0,"2,458.7","1,345.6","3,760.4","6,107.8",797.1,"2,569.5","1,608.8","3,059.2",803.6,518.8,"3,003.0","1,607.9","1,297.0","2,234.9",561.0,"1,952.8",961.8,"1,373.5","1,299.8",792.4,"5,527.3","1,049.2",311.8,"1,860.0","8,689.6",989.5,842.7,"1,432.4","1,468.6",493.2,"1,311.2",998.5,224.4,"1,372.6",556.6,762.8,"3,593.0",686.6,919.3,948.2,822.4,"2,327.3",425.0,922.5,806.7,196.1,742.9,885.7,"1,725.2",204.3,402.9,799.3,201.6,344.2,195.1
Greenville,Fires,213,90,119,127,207,151,216,257,241,180,75,114,222,142,136,159,199,99,70,136,90,118,67,74,85,78,53,79,147,81,136,98,85,85,229,99,41,59,117,74,44,90,40,30,44,56,25,69,47,62,39,49,63,75,66,54,24,40,23,74,71,40,38,19,34,27,15,19,20
,Acres,"1,380.0",634.6,836.7,626.1,900.5,"1,176.8","1,695.1","3,404.4","1,104.4","6,006.0",84.8,314.4,864.7,606.9,305.1,578.9,998.7,226.5,205.7,418.6,368.4,755.4,353.2,176.7,460.9,190.0,125.4,210.9,367.6,244.2,552.6,360.1,207.3,218.1,892.4,386.5,88.0,255.5,496.7,204.8,215.3,"1,108.7",440.5,175.9,234.4,193.9,76.7,148.9,116.4,288.0,93.7,155.7,177.4,469.7,351.2,193.5,171.1,226.7,107.1,345.8,123.6,93.9,485.1,56.8,96.6,48.6,60.7,80.5,74.7
Greenwood,Fires,92,43,72,80,76,52,44,41,43,45,10,23,40,27,27,45,47,44,22,79,60,56,70,103,61,31,28,45,75,100,88,91,113,96,143,108,44,76,217,134,107,206,115,73,93,154,80,112,103,87,35,29,65,72,66,40,18,29,6,25,23,33,12,17,19,26,25,22,6
,Acres,987.2,417.8,494.3,"1,318.5","1,037.1",389.2,753.7,481.5,180.1,716.3,54.1,93.3,96.8,110.5,70.3,236.4,135.5,77.3,116.6,981.7,381.3,142.4,104.4,204.3,112.6,52.9,41.1,100.3,145.8,115.8,179.7,411.0,229.9,125.4,268.4,253.5,61.3,201.1,540.1,329.8,411.9,500.1,275.7,138.3,325.2,342.5,206.6,332.9,79.3,146.0,92.4,34.0,156.6,304.7,141.7,188.3,104.1,116.4,14.2,84.9,129.5,156.6,18.0,99.2,60.8,66.2,52.3,65.7,14.5
Hampton,Fires,62,46,62,109,38,52,76,88,200,70,84,47,48,45,97,43,106,58,39,95,102,275,129,67,132,59,129,105,86,204,166,141,124,58,280,113,66,118,287,89,46,190,88,58,60,109,46,129,60,109,88,35,145,124,124,153,18,51,34,63,67,46,46,32,87,57,33,31,24
,Acres,"4,922.0",931.9,794.3,"4,192.4",307.3,672.4,372.4,735.3,"12,429.1",677.6,"2,226.0",265.7,311.2,492.3,"1,217.3",472.2,838.5,569.7,153.9,"3,893.6","1,295.4","3,155.2",767.2,228.0,887.8,146.3,360.6,376.7,345.7,999.4,889.5,704.6,583.7,441.4,"1,312.3",314.7,238.5,328.8,"1,107.4",455.8,208.6,741.7,263.1,95.0,106.7,280.2,288.1,246.4,129.0,544.2,214.0,48.7,643.2,259.6,568.4,531.8,50.0,142.4,106.8,338.9,371.6,674.5,328.3,206.1,561.5,246.4,78.5,229.0,95.1
Horry,Fires,315,187,271,475,329,387,240,398,456,204,291,123,178,150,202,129,255,196,123,293,371,362,205,207,311,253,171,284,234,708,347,405,379,214,720,370,118,267,524,276,129,191,224,238,210,167,165,231,123,154,89,101,311,170,216,353,80,147,97,73,131,185,72,46,88,90,36,38,22
,Acres,"23,957.4","6,531.8","11,499.7","26,053.3","16,957.6","15,311.5","8,279.7","23,442.8","18,510.2","6,398.8","5,505.6","1,117.9","2,624.9","1,647.3","2,918.5","1,742.7","4,349.6","3,688.6","1,745.3","3,433.3","13,712.4","2,996.2","2,263.8",803.3,"1,677.3","2,525.9",901.3,"2,040.0",832.5,"33,975.8","1,701.6","2,464.8","1,110.0",399.9,"8,480.6","1,733.0",302.0,748.3,"5,976.6","1,891.8",734.9,"1,147.7","2,520.2",804.3,"1,794.7",926.0,"1,079.5","1,306.1",972.2,"1,610.8",404.2,"1,162.9","1,634.1",954.9,925.8,"5,269.4",635.5,"1,014.5",898.5,321.7,"1,631.0","1,126.7","19,357.1",401.5,612.3,"1,839.4",139.4,95.2,54.2
Jasper,Fires,105,58,100,231,121,61,163,156,241,105,141,88,107,85,123,106,135,89,46,144,201,245,131,159,259,225,329,298,253,625,365,422,406,276,962,289,144,268,662,188,124,331,315,148,188,238,148,231,107,242,134,28,194,94,166,274,25,133,66,83,136,65,89,43,129,82,56,48,39
,Acres,"3,716.9","1,679.9","3,462.8","10,657.5","1,781.4",702.8,"6,436.7","3,934.0","16,338.3","4,505.4","3,020.6","1,159.6","1,994.8",896.3,"2,190.0","2,610.0","2,176.6","1,611.1",937.6,"3,116.5","2,894.1","6,061.1","1,047.2",863.9,"1,631.7","1,900.0","1,748.3","2,178.3","1,456.1","4,224.6","3,197.4","2,499.8","1,895.0","1,839.5","8,001.7","1,850.8",869.0,"1,635.1","7,664.5","1,186.4",893.7,"2,290.0","1,786.0",751.3,"1,625.9","1,157.4",789.3,"2,917.5",666.3,"1,958.4",819.4,170.0,"1,411.8",632.7,"1,669.8","1,686.5",55.4,"1,168.8",725.1,"1,101.0",674.8,365.3,805.1,229.6,"1,727.8",725.2,482.7,254.7,193.4
Kershaw,Fires,155,78,73,104,156,84,67,70,116,65,58,42,66,52,76,80,76,96,51,117,92,95,88,104,80,48,45,77,62,110,98,94,88,69,173,130,52,93,152,141,111,180,133,159,74,151,119,129,91,117,67,46,128,108,146,133,66,98,64,96,92,77,43,49,83,47,58,96,56
,Acres,"3,034.7",647.9,758.7,"2,564.6","6,889.2","1,710.5","1,310.8","1,409.5","2,307.4","4,133.3",400.2,240.1,461.3,854.1,524.4,995.2,"1,269.1",713.4,386.2,"11,796.6","3,162.3","2,299.4",551.5,695.7,342.8,238.4,315.2,281.7,283.5,705.4,542.8,825.5,308.7,285.7,"1,606.6",508.3,100.6,659.5,"4,080.0",486.0,389.2,485.3,350.0,679.5,132.2,545.6,738.4,468.9,363.7,465.2,685.3,147.2,653.3,541.6,738.0,779.1,229.7,572.8,337.0,741.6,407.7,422.7,171.4,255.3,476.0,268.7,179.7,149.0,130.6
Lancaster,Fires,70,32,54,55,87,64,61,73,58,45,30,20,42,22,34,63,59,57,32,75,51,75,66,64,56,21,15,46,64,53,47,37,49,53,106,70,24,40,113,39,34,63,50,59,39,102,49,65,24,25,18,22,48,47,74,60,24,33,15,47,24,46,31,15,44,19,25,38,22
,Acres,651.5,190.6,697.9,625.1,"1,168.4",687.2,423.7,640.3,608.4,218.5,118.5,42.8,243.9,94.2,239.1,317.5,292.3,301.8,208.2,321.1,448.2,483.8,102.3,445.6,437.2,90.3,26.4,168.9,133.9,86.3,147.6,61.3,118.8,293.1,537.0,357.1,66.0,126.8,772.2,137.8,153.5,194.7,81.8,281.5,81.5,351.2,73.8,406.3,114.2,124.4,60.9,213.4,189.5,83.3,222.0,226.4,93.2,120.0,50.4,245.8,99.3,239.7,63.3,57.4,139.0,40.3,56.7,107.8,30.1
Laurens,Fires,97,74,86,102,104,24,32,25,62,39,30,30,78,41,43,78,73,66,47,73,70,78,45,106,84,38,75,87,89,85,133,124,84,85,183,166,52,130,209,94,66,135,60,51,44,130,41,100,48,51,20,20,49,64,52,42,27,52,27,39,19,41,21,9,36,9,17,18,15
,Acres,"1,090.0",452.4,590.3,"1,349.5","1,461.1",209.3,"1,331.0",137.0,626.3,409.3,419.6,109.0,793.8,361.4,179.7,561.2,958.3,288.4,447.8,829.6,345.7,630.0,207.8,653.7,341.9,63.7,231.6,413.9,264.5,442.6,501.7,447.5,157.5,307.0,599.6,349.4,135.3,425.6,858.8,332.7,183.5,650.2,125.3,258.2,286.0,453.5,198.5,398.3,266.0,141.0,25.2,122.8,178.0,256.7,235.6,181.7,85.3,275.6,108.7,101.7,49.4,517.4,90.5,27.8,204.1,65.3,70.7,69.8,53.3
Lee,Fires,65,26,40,74,79,47,45,73,91,118,82,30,69,39,56,46,64,44,32,75,58,87,34,52,34,23,23,52,44,104,90,65,84,44,190,94,35,49,147,91,55,104,64,92,57,173,61,109,59,53,71,43,167,94,117,100,16,63,23,100,51,61,31,39,36,50,44,41,39
,Acres,715.7,213.4,306.5,"1,867.4","3,266.7","1,324.6",721.7,"1,559.7","2,014.3","2,392.7",852.8,325.9,472.8,450.6,432.1,252.6,277.5,241.1,86.6,732.3,327.9,334.2,50.6,316.3,88.9,51.2,81.0,180.5,81.4,400.4,416.3,197.5,216.3,112.4,"1,092.0",510.4,194.0,371.0,"1,335.9","2,274.2",451.5,"1,285.1",606.5,"1,318.8",569.7,"1,467.7","1,574.2",907.7,337.3,750.2,644.4,287.2,"1,593.5",436.9,783.5,997.6,30.4,442.3,70.5,712.6,339.9,379.9,205.9,192.5,323.5,292.3,156.7,125.9,124.5
Lexington,Fires,100,67,96,123,112,105,105,138,158,114,67,54,87,63,82,60,65,47,65,106,76,67,81,112,137,130,112,189,178,244,240,215,216,185,300,256,251,225,498,335,247,449,340,267,199,334,185,249,212,205,182,138,266,310,300,248,76,123,84,121,76,91,56,67,77,62,69,53,50
,Acres,"2,611.1",433.6,744.2,"2,698.1","1,102.4","2,170.7",507.2,619.3,"1,486.4","2,037.1",223.2,154.3,232.3,354.5,255.3,185.0,190.3,158.0,279.6,"8,918.5",605.4,"1,031.0",419.4,375.1,236.7,296.5,215.9,333.4,235.2,701.8,365.2,410.2,313.1,366.1,521.4,523.6,285.9,639.1,777.7,582.7,459.0,820.8,706.5,484.1,342.7,698.9,394.5,350.3,523.3,294.5,280.1,301.2,394.5,541.4,377.1,600.0,235.5,277.3,376.3,497.5,308.9,275.5,181.3,130.4,176.0,109.4,207.4,207.2,178.1
McCormick,Fires,58,46,53,74,35,24,32,31,27,12,21,16,49,13,13,72,116,27,7,25,15,21,25,29,26,13,19,11,17,17,31,31,41,42,85,71,33,38,87,61,25,83,40,24,40,73,28,46,36,53,28,21,42,41,20,60,21,16,11,19,24,32,8,3,10,18,8,6,9
,Acres,"1,257.5",538.7,636.0,"4,489.1",390.0,392.0,468.7,334.3,90.2,29.8,221.3,19.7,724.1,21.7,100.4,562.1,514.3,183.8,45.5,198.3,29.6,47.3,78.9,200.9,176.6,13.3,110.9,29.3,47.3,63.0,111.4,161.8,63.8,70.9,274.8,147.9,22.1,98.9,310.6,113.5,91.6,853.4,200.2,78.9,441.8,203.7,64.0,402.3,122.7,84.9,23.6,113.7,69.4,167.3,124.0,152.4,83.7,171.7,9.5,136.7,80.6,246.1,17.1,2.0,57.5,84.6,56.8,47.1,95.5
Marion,Fires,128,80,78,190,151,90,61,72,100,68,30,30,33,37,52,23,30,65,26,93,93,117,69,81,114,70,33,105,44,165,149,118,89,53,179,116,35,78,155,92,37,65,41,75,43,55,58,59,34,22,17,19,84,37,65,89,31,33,13,19,18,53,15,8,29,17,15,24,6
,Acres,"4,585.9","1,603.6","1,131.6","5,374.2","2,747.4","1,524.8","3,055.5",335.9,"2,837.9",358.6,119.8,210.3,100.9,378.7,154.9,62.0,164.1,571.7,57.7,518.3,512.6,"1,082.0",488.6,194.9,"1,016.9",153.7,110.9,366.6,59.7,210.4,429.7,214.0,265.0,136.1,825.4,"1,098.1",70.4,186.9,"3,076.6",862.5,61.8,285.9,154.7,162.2,78.1,117.8,101.7,180.3,92.1,76.4,59.0,43.1,283.2,183.8,276.7,"1,047.2",154.9,108.3,51.7,157.8,38.5,353.0,79.6,16.6,97.1,184.1,144.6,245.2,14.5
Marlboro,Fires,172,77,134,223,302,107,132,232,152,175,90,45,103,69,128,30,68,114,61,137,103,153,113,140,135,120,51,156,64,169,157,162,152,105,296,172,74,196,193,142,81,128,79,117,39,95,108,91,41,49,64,36,130,88,113,112,46,47,49,53,43,73,44,33,65,33,32,36,28
,Acres,"5,457.4","1,717.4","1,714.9","5,577.1","10,040.4","2,578.8","3,575.7","5,402.3","1,765.6","2,398.5","1,118.6",345.5,595.4,374.0,"1,875.7",306.5,216.6,547.3,285.5,"7,412.7",643.9,"1,528.7","4,794.9",788.0,"1,948.7","3,359.1",90.3,"1,248.3",115.8,603.2,521.8,"1,364.2",476.2,381.8,896.3,942.2,224.9,616.5,"2,284.9",828.7,509.8,"1,053.8",414.5,412.8,"3,674.9",342.3,"1,275.0",689.7,275.8,128.6,182.3,63.0,525.2,268.3,451.1,917.6,153.7,598.4,322.4,434.1,237.2,293.9,123.8,90.9,553.4,135.0,224.6,245.4,69.4
Newberry,Fires,42,29,31,38,45,29,55,27,43,22,14,13,19,13,17,21,38,43,10,33,24,34,28,34,26,9,11,27,24,26,34,30,92,30,87,54,18,49,87,58,46,73,51,27,20,83,52,90,46,39,23,21,59,33,39,42,11,28,6,20,20,36,17,6,19,10,8,10,8
,Acres,519.8,266.4,221.6,557.8,433.1,724.3,380.7,227.0,411.6,85.2,33.5,31.1,99.4,94.4,25.6,70.6,645.1,109.4,13.3,100.5,361.0,175.9,91.6,81.8,44.2,71.3,43.0,62.2,57.6,103.7,180.5,57.8,152.3,26.8,315.3,105.2,36.0,48.9,215.4,385.6,95.1,162.2,369.4,100.4,267.7,137.4,131.6,154.6,66.8,70.0,43.7,103.4,232.7,107.0,110.6,68.0,363.9,104.7,4.3,24.4,42.2,81.1,150.3,8.8,47.9,29.2,117.5,29.8,38.0
Oconee,Fires,129,63,59,68,80,47,75,76,92,67,41,45,78,36,43,43,82,56,25,50,66,73,38,50,47,27,16,25,32,29,37,42,19,24,89,83,9,39,58,45,49,67,33,16,29,38,18,50,26,33,31,27,76,78,67,50,29,29,26,54,58,53,43,32,31,31,28,18,20
,Acres,"1,406.9",472.5,663.9,909.5,438.6,385.9,557.1,372.5,297.3,349.7,112.5,100.4,249.8,136.1,120.8,162.5,400.5,124.8,74.9,203.3,287.6,481.5,224.1,83.4,142.9,33.1,21.2,42.4,100.6,59.9,60.4,221.9,79.3,62.4,348.3,471.6,25.0,180.7,268.5,252.9,104.2,326.9,156.8,80.7,125.1,102.5,46.4,137.1,78.9,70.5,85.9,52.9,165.8,297.8,161.6,153.9,74.5,247.9,142.1,116.3,316.0,480.3,82.5,42.2,49.8,279.1,67.9,57.2,30.2
Orangeburg,Fires,506,273,568,953,608,531,448,637,476,360,221,153,365,140,340,173,325,188,147,314,260,284,150,177,236,193,140,178,155,393,329,346,442,181,752,451,140,265,779,318,246,480,233,211,174,331,185,303,119,197,222,75,344,239,267,385,118,127,166,186,183,204,110,89,220,101,117,111,74
,Acres,"20,021.4","3,148.1","9,254.7","26,680.8","16,257.6","17,778.8","8,406.7","13,343.0","11,861.7","8,391.0","3,774.9","2,030.5","4,109.7","1,255.4","7,708.8","2,420.7","4,399.5","2,015.7","2,296.7","5,743.7","2,553.3","5,601.4","1,309.6","1,532.5","1,738.7","1,323.9",691.3,"1,312.5",580.2,"3,134.0","1,653.2","1,689.2","1,623.1",636.4,"4,931.3","1,410.2",460.2,"1,113.9","5,193.8","1,716.6","1,246.8","3,543.3","1,693.7",826.4,401.8,"1,699.8","1,379.6","1,211.6",513.6,843.2,"1,216.9",484.4,"1,596.6",892.6,"1,199.2","1,488.5",734.1,798.1,836.4,819.4,998.2,"1,252.9",385.8,266.1,"1,017.7",508.2,336.9,292.8,479.7
Pickens,Fires,121,37,44,35,75,34,61,52,90,24,19,33,85,43,27,52,97,54,50,67,42,86,49,58,51,22,21,45,41,41,57,43,31,53,145,54,19,48,94,95,64,84,41,35,43,41,37,67,54,75,40,46,79,81,76,71,36,56,39,58,72,58,30,21,36,13,17,20,19
,Acres,417.5,83.6,240.0,89.5,508.9,56.9,205.7,141.3,463.7,905.5,40.3,96.2,457.0,84.4,107.2,128.1,440.5,88.9,138.7,374.1,376.9,462.8,250.2,167.4,132.1,38.4,27.6,64.5,60.3,86.7,101.9,551.4,37.5,159.3,435.0,187.2,40.0,107.4,231.5,173.5,140.7,191.4,100.6,71.9,143.2,119.4,53.4,153.7,124.8,503.3,157.7,84.9,288.2,318.1,159.5,166.2,67.7,306.1,88.4,142.2,494.5,146.9,43.3,51.0,62.6,11.9,38.8,606.1,46.2
Richland,Fires,275,101,145,217,165,211,164,204,252,193,142,95,193,114,177,146,183,173,103,217,144,182,180,194,161,173,132,223,230,367,376,268,302,164,401,245,132,159,348,217,138,191,140,103,70,108,65,98,61,71,35,40,132,93,89,120,44,60,32,64,32,92,13,35,31,38,40,24,15
,Acres,"5,852.2",929.9,"1,853.0","3,551.5","3,809.2","2,874.8","1,681.0","2,946.9","3,083.2","2,298.0","1,171.8",718.6,"1,689.8",999.1,"2,565.6","1,450.3","1,804.9","1,114.5",769.6,"4,529.5","1,862.2","2,430.6",598.1,649.6,468.7,418.6,246.3,683.3,328.0,757.9,"1,031.1","1,077.3",847.9,283.7,"1,533.9",976.3,257.0,424.4,"1,867.0",995.7,454.2,"1,227.8",709.3,593.6,250.7,648.2,357.7,854.5,315.3,423.3,226.5,159.9,899.6,551.3,470.7,633.9,379.0,304.5,329.8,450.0,233.6,"1,831.1",84.6,220.2,258.7,213.8,343.2,127.8,96.6
Saluda,Fires,32,14,31,38,27,32,44,35,38,29,14,6,25,18,16,22,25,45,10,34,11,20,23,21,13,5,12,7,15,11,14,18,12,20,43,39,8,16,61,20,33,71,40,26,21,69,24,59,42,29,21,24,47,49,36,39,19,49,7,21,15,28,24,8,25,18,27,15,20
,Acres,749.3,130.4,260.5,434.8,327.8,511.2,469.1,230.9,104.2,90.0,24.7,2.6,108.1,41.9,28.9,52.8,160.8,129.5,31.2,129.1,47.3,79.9,47.7,65.1,52.1,28.8,19.1,40.9,54.1,27.3,61.9,75.9,32.0,40.6,173.2,310.3,15.2,104.1,129.6,24.2,110.6,271.1,112.5,63.0,147.3,331.4,62.6,86.1,69.5,79.2,35.3,61.2,98.7,161.0,155.5,100.0,223.5,210.3,2.0,43.7,60.5,82.5,98.5,19.9,65.4,18.0,150.3,81.5,57.7
Spartanburg,Fires,88,41,37,58,96,39,79,86,99,48,31,32,125,34,38,84,84,61,45,91,59,84,36,63,65,26,23,42,63,50,98,58,53,51,140,65,20,36,103,79,44,84,51,56,59,110,58,80,38,52,29,26,51,55,51,41,21,45,20,60,55,61,33,12,31,13,20,18,15
,Acres,639.8,486.3,918.6,"1,175.8","2,794.0",342.5,870.5,891.4,767.0,397.8,158.6,149.9,"1,148.7",238.1,193.7,717.7,752.9,369.5,351.3,"2,756.6",570.6,"1,524.0",395.5,402.5,371.7,72.6,136.5,196.5,603.5,235.7,560.6,184.0,345.5,289.5,546.7,338.7,70.1,133.0,519.5,343.5,141.5,411.0,214.5,228.5,171.6,505.8,163.0,420.2,145.0,303.6,82.5,108.0,257.2,259.6,153.6,210.2,37.4,292.7,57.3,119.9,139.8,283.6,107.1,61.0,244.4,21.8,112.1,54.1,43.7
Sumter,Fires,126,34,101,179,148,88,80,204,189,141,133,74,207,108,198,106,168,127,87,155,164,228,131,205,122,142,76,186,143,244,229,245,232,110,323,220,74,122,330,193,173,194,107,118,111,253,94,177,82,72,86,41,224,168,176,221,87,130,79,90,80,103,62,60,107,81,86,63,59
,Acres,"4,637.1",331.2,"1,607.9","3,219.8","2,516.7",979.4,927.0,"6,171.2","2,921.5","2,430.5","1,289.6",498.3,"1,572.0",786.9,"2,202.8","1,117.2","2,196.6",755.0,639.4,"3,313.4","1,576.4","3,855.5",675.1,"1,227.6",374.2,527.3,159.6,"1,273.3",263.4,854.7,921.9,"1,537.0",966.4,375.4,"1,867.2",832.8,292.4,632.8,"2,502.5","1,371.5","1,173.5","1,697.0","1,153.3","1,264.7",847.4,"1,820.0",704.7,"1,496.7",971.9,524.2,521.9,294.6,"1,391.3",648.2,"4,668.1","1,395.5",271.7,597.3,434.5,464.9,193.1,279.9,365.6,226.2,478.2,235.0,432.7,308.9,152.0
Union,Fires,49,23,44,61,50,33,40,28,48,28,32,10,44,23,34,52,65,32,20,39,44,67,18,26,30,13,10,36,29,32,31,20,23,19,63,31,15,29,69,57,23,61,44,34,46,79,32,64,35,29,26,29,37,25,47,48,23,42,17,30,19,31,17,15,22,7,20,10,18
,Acres,874.5,179.6,576.7,591.1,395.5,243.3,714.0,201.1,639.5,270.0,99.5,39.5,131.0,85.5,165.6,178.1,390.5,231.5,55.6,416.4,237.2,"1,158.1",155.9,148.7,97.0,22.3,35.8,88.4,135.6,83.9,218.4,70.1,98.5,56.5,508.0,128.8,51.5,120.4,553.1,169.5,58.5,465.9,380.9,64.5,126.5,268.5,168.0,259.5,72.6,102.5,42.0,114.5,100.3,78.6,106.5,233.3,83.3,247.0,37.4,86.1,140.9,62.7,67.5,43.7,92.8,56.9,109.1,138.3,57.2
Willliamsburg,Fires,230,70,173,238,166,206,151,264,291,182,173,109,161,168,388,171,432,240,109,248,271,520,198,289,465,307,183,452,256,804,353,504,608,254,985,443,132,411,"1,110",396,253,412,434,304,342,522,250,589,262,362,234,95,531,238,379,499,61,222,158,156,213,262,136,115,179,202,98,124,67
,Acres,"28,021.2","1,888.1","7,202.2","12,646.0","3,571.8","5,272.2","3,218.6","3,551.0","5,535.9","3,720.1","2,819.2","1,660.5","2,641.6","3,348.4","9,140.8","2,471.2","10,048.5","2,669.7",948.6,"6,689.9","4,494.8","10,546.5","1,815.9","1,312.5","2,983.6","2,367.7","1,357.7","2,705.5",792.0,"6,450.0","1,534.2","1,915.8","2,659.4",818.4,"4,642.8","1,943.9",381.6,"1,770.4","8,435.2","1,593.2",812.8,"1,108.1","1,877.7","1,364.5","1,961.4","4,114.0","1,259.4","6,969.9","2,465.6","4,568.7","3,344.3",648.9,"4,032.6","1,582.6","3,011.1","6,423.1",203.8,"1,609.5","1,480.2",911.0,"1,583.4","1,830.1",816.7,679.2,"1,357.1","1,709.5",898.7,477.0,264.7
York,Fires,97,74,75,97,149,118,109,108,104,61,28,38,72,30,54,65,67,62,54,95,65,82,43,57,46,29,20,46,27,50,90,65,39,61,141,91,45,81,151,76,43,84,36,50,32,91,116,42,27,36,25,16,72,37,49,41,25,40,21,33,17,38,14,8,32,9,13,11,11
,Acres,"1,291.0",493.4,501.5,743.4,"1,759.5",715.5,941.7,566.6,663.2,399.6,132.1,111.0,382.7,143.6,280.3,541.6,740.8,317.5,277.0,"1,622.0",706.4,680.4,199.7,468.9,213.4,107.5,48.7,180.7,70.1,138.4,132.4,151.3,85.8,92.2,362.6,177.0,57.8,83.4,479.7,208.1,85.5,139.2,48.0,45.0,54.8,243.7,186.8,369.5,103.0,137.8,45.9,38.7,211.5,155.7,138.7,125.2,76.8,186.8,45.8,57.6,72.9,115.7,25.4,31.2,147.9,46.1,22.6,73.0,33.0
State Totals,Fires,"6,601","3,149","5,166","8,367","6,643","4,982","4,928","6,532","7,022","4,506","3,883","2,590","4,608","2,958","4,776","3,668","5,441","3,817","2,442","5,467","4,988","6,925","3,888","4,830","5,415","4,157","3,552","5,697","4,474","9,704","7,504","7,416","7,805","4,821","14,405","7,745","3,160","6,087","14,260","6,877","4,658","8,466","5,850","4,861","4,329","7,331","3,852","6,468","3,377","4,341","3,204","1,943","6,615","4,715","5,283","6,380","1,760","3,409","2,283","3,021","2,972","3,678","2,001","1,639","3,099","2,192","1,799","1,823","1,427"
,Acres,"232,040.2","46,959.8","91,668.2","241,292.3","147,840.3","108,450.1","78,173.8","119,149.2","158,785.5","76,743.2","47,047.8","20,253.0","39,612.3","29,785.8","59,969.8","35,795.0","68,315.1","34,752.2","18,826.5","127,804.0","69,580.4","103,431.0","29,887.8","25,950.9","34,585.2","29,713.0","17,016.8","33,516.4","15,179.7","81,229.2","30,598.9","34,231.5","27,561.1","17,636.0","94,909.9","32,709.6","9,150.5","26,650.5","114,166.5","38,031.6","21,157.7","42,614.1","29,092.2","20,476.6","30,535.7","41,835.0","24,378.8","40,074.0","16,524.5","27,112.1","21,730.7","10,425.1","35,155.7","21,399.3","29,933.9","49,373.8","9,182.0","21,394.3","13,478.0","16,295.5","16,985.1","21,945.7","30,739.6","8,443.9","22,749.5","16,960.1","10,223.4","9,425.0","6,637.3"